#separator:,
#html:true
#columns:Front,Back,Tags
#tags column:3
"The three social engineering delivery vectors?","Human-based, Computer-based, Mobile-based.","ceh09 vectors"
"Which vector covers impersonation, pretexting, tailgating, dumpster diving?","Human-based (person-to-person deception).","ceh09 vectors"
"Which vector covers phishing, whaling, pharming, scareware?","Computer-based (software/web/email lures).","ceh09 vectors"
"Which vector covers smishing, malicious/repackaged apps, QR lures?","Mobile-based.","ceh09 vectors"
"Spear-phishing vs phishing?","Spear-phishing is targeted/personalized to a specific person or group; phishing is a broad untargeted spray.","ceh09 phishing"
"What is whaling?","Spear-phishing aimed specifically at executives / high-value targets. Whaling is a subset of spear-phishing.","ceh09 phishing"
"Vishing vs smishing?","Vishing = voice call; smishing = SMS text. Don't swap them.","ceh09 phishing"
"What is pharming and how does it differ from phishing?","Pharming poisons DNS or the hosts file so a correct URL lands on a fake site — no bad-link click needed.","ceh09 phishing"
"What is Business Email Compromise (BEC)?","Impersonating an exec or vendor by email to authorize a fraudulent wire transfer or invoice change; no malware.","ceh09 phishing"
"What is angler phishing?","A fake support account on social media hijacks a customer complaint to harvest info.","ceh09 phishing"
"Tailgating vs piggybacking?","Tailgating = following through a door WITHOUT the badge-holder's consent; piggybacking = they knowingly let you in.","ceh09 human"
"What is pretexting?","Inventing a scenario/role/story to gain trust — the exam trap is that it's the story, not the delivery channel.","ceh09 human"
"Baiting vs quid pro quo?","Baiting dangles an item (USB drop, free download) exploiting curiosity/greed; quid pro quo offers a service in exchange (a transaction).","ceh09 human"
"What is reverse social engineering?","The attacker seeds a problem and advertises a fix so the VICTIM initiates contact and asks for help.","ceh09 human"
"Dumpster diving — what and which bucket?","Recovering info from discarded trash; physical, non-electronic; human-based.","ceh09 human"
"Shoulder surfing vs eavesdropping?","Shoulder surfing = watching someone type/read (passwords, PINs); eavesdropping = passively overhearing conversations/comms.","ceh09 human"
"What is impersonation in SE?","Posing as staff, vendor, exec, or delivery — often combined with pretexting.","ceh09 human"
"The four insider-threat types?","Malicious, Negligent, Compromised, Professional/mole.","ceh09 insider"
"What is a compromised insider?","A legitimate user whose account was taken over via SE — the phished user becomes the attacker's tool.","ceh09 insider"
"Why do insider threats defeat perimeter controls?","They act from inside with valid access; answer is least privilege, JIT, session monitoring, separation of duties — not a firewall.","ceh09 insider"
"The social engineering attack lifecycle (4 phases)?","Research → Hook → Play → Exit.","ceh09 lifecycle"
"EC-Council's alternate SE lifecycle phrasing?","Research target → Select victim → Develop relationship → Exploit.","ceh09 lifecycle"
"SET (Social-Engineer Toolkit) — purpose?","Framework for credential-harvester clone pages, mass mailer, and payloads.","ceh09 tools"
"Gophish — purpose?","Self-hosted phishing campaign platform: templates, tracking, and reporting.","ceh09 tools"
"King Phisher — purpose?","Phishing campaign toolkit with template server and engagement metrics.","ceh09 tools"
"theHarvester / Maltego — purpose in SE?","OSINT collection for the Research phase (emails, names, infrastructure).","ceh09 tools"
"Best countermeasure to social engineering on the exam?","Security awareness/training combined with MFA — you can't patch a human.","ceh09 countermeasures"
"Which MFA type defeats credential phishing?","Phishing-resistant MFA — FIDO2/WebAuthn/passkeys — makes a harvested password worthless.","ceh09 countermeasures"
"Which email controls stop sender-domain spoofing (BEC/whaling)?","SPF, DKIM, and DMARC together.","ceh09 countermeasures"
"Best control for a privileged password-reset request to the help desk?","Out-of-band identity verification: callback, secondary factor, and manager approval.","ceh09 pam"
"PAM levers that shrink SE blast radius?","Phishing-resistant + number-matching MFA, JIT elevation, VPN-less Remote Access, privileged session recording.","ceh09 pam"
"How does JIT elevation blunt a phished admin?","With just-in-time privilege there is nothing durable to abuse — the phished credential unlocks nothing standing.","ceh09 pam"
